{
  "type": "minecraft:block",
  "pools": [
    {
      "rolls": 1,
      "entries": [
        {
          "type": "minecraft:alternatives",
          "children": [
            {
              "type": "minecraft:item",
              "name": "minecraft:armor_stand",
              "conditions": [
                {
                  "condition": "minecraft:match_tool",
                  "predicate": {
                    "nbt": "{Hammer:1b}"
                  }
                }
              ],
                    "functions": [
                        {
                            "function": "set_nbt",
                            "tag": "{display:{Name:'{\"text\":\"Netherrack Dust\",\"italic\":false}'},CustomModelData:1005,EntityTag:{NoGravity:1b,Invulnerable:1b,Small:1b,Marker:1b,Invisible:1b,Tags:[\"NetherDust\"]}}"
                        }
                    ]
            },
            {
              "type": "minecraft:item",
              "name": "minecraft:netherrack",
              "conditions": [
                {
                  "condition": "minecraft:survives_explosion"
                }
              ]
            }
          ]
        }
      ]
    }
  ]
}