{
    "pools": [
        {
            "rolls": 1,
            "entries": [
                {
                    "type": "item",
                    "weight": 30,
                    "name": "minecraft:wheat_seeds",
                    "functions": [
                        {
                            "function": "set_count",
                            "count": {
                                "min": 1,
                                "max": 2
                            }
                        }
                    ]
                },
                {
                    "type": "item",
                    "weight": 20,
                    "name": "minecraft:beetroot_seeds",
                    "functions": [
                        {
                            "function": "set_count",
                            "count": {
                                "min": 1,
                                "max": 2
                            }
                        }
                    ]
                },
                {
                    "type": "item",
                    "weight": 5,
                    "name": "minecraft:pumpkin_seeds"
                },
                {
                    "type": "item",
                    "weight": 5,
                    "name": "minecraft:melon_seeds"
                },
                {
                    "type": "item",
                    "weight": 10,
                    "name": "minecraft:sugar_cane"
                },
                {
                    "type": "item",
                    "weight": 2,
                    "name": "minecraft:potato"
                },
                {
                    "type": "item",
                    "weight": 2,
                    "name": "minecraft:carrot"
                },
                {
                    "type": "item",
                    "weight": 50,
                    "name": "minecraft:iron_nugget",
                    "functions": [
                        {
                            "function": "set_nbt",
                            "tag": "{display:{Name:'{\"text\":\"Stone\",\"italic\":false}'},CustomModelData:1003}"
                        },
                        {
                            "function": "set_count",
                            "count": {
                                "min": 1,
                                "max": 3
                            }
                        }
                    ]
                }
            ]
        }
    ]
}