{
    "pools": [
        {
            "rolls": {
                "min": 0,
                "max": 1
            },
            "entries": [
                {
                    "type": "item",
                    "weight": 5,
                    "name": "minecraft:ender_pearl"
                },
                {
                    "type": "item",
                    "weight": 1,
                    "name": "minecraft:chorus_flower"
                },
                {
                    "type": "item",
                    "weight": 25,
                    "name": "minecraft:chorus_fruit"
                }
            ]
        }
    ]
}