{
    "pools": [
        {
            "rolls": {
                "min": 0,
                "max": 1
            },
            "entries": [
                {
                    "type": "item",
                    "weight": 15,
                    "name": "minecraft:quartz"
                },
                {
                    "type": "item",
                    "weight": 1,
                    "name": "minecraft:ghast_tear"
                },
                {
                    "type": "item",
                    "weight": 20,
                    "name": "minecraft:nether_wart"
                }
            ]
        }
    ]
}