{
    "parent": "item/generated",
    "textures": {
        "layer0": "item/potion_overlay",
        "layer1": "item/potion"
    },
"overrides": [
{ "predicate": { "custom_model_data":16000}, "model": "block/custom_cauldron_3" },
{ "predicate": { "custom_model_data":16001}, "model": "block/custom_cauldron_2" },
{ "predicate": { "custom_model_data":16002}, "model": "block/custom_cauldron_1" },
{ "predicate": { "custom_model_data":16003}, "model": "block/custom_cauldron_empty" },
{ "predicate": { "custom_model_data":16004}, "model": "block/lava_cauldron" }
]
}
