{
    "parent": "item/generated",
    "textures": {
        "layer0": "item/armor_stand"
    },
"overrides": [
{ "predicate": { "custom_model_data":1000}, "model": "block/breakdown_table" },
{ "predicate": { "custom_model_data":1001}, "model": "gui/breakdown_table" },
{ "predicate": { "custom_model_data":1002}, "model": "gui/breakdown_table_bottom" },
{ "predicate": { "custom_model_data":1003}, "model": "gui/none" },
{ "predicate": { "custom_model_data":1004}, "model": "block/sieve" },
{ "predicate": { "custom_model_data":1005}, "model": "item/netherrack_dust" },
{ "predicate": { "custom_model_data":1006}, "model": "item/end_stone_dust" }
]
}
